source_standard,transformation_mode,metric,count,mean,median,std,min,max,p50,p95,p99,ci95_low,ci95_high
cii,aggregated,semantic_preservation,50,0.8615839653525886,0.8812785388127854,0.12767568790310227,0.0,0.9121621621621622,0.8812785388127854,0.907930402930403,0.9108693693693694,0.8261940702266838,0.8969738604784935
cii,aggregated,information_loss,50,0.1384160346474113,0.1187214611872146,0.12767568790310227,0.08783783783783783,1.0,0.1187214611872146,0.17548114689709343,0.5995431472081202,0.1030261395215065,0.17380592977331613
cii,aggregated,semantic_precision,50,0.9706592659016013,0.9915838007428595,0.14042857360968106,0.0,1.0,0.9915838007428595,1.0,1.0,0.9317344512062715,1.0095840805969312
cii,aggregated,semantic_f1,50,0.9126433820156439,0.9314057895140653,0.13294607181754456,0.0,0.9540636042402826,0.9314057895140653,0.9506726457399104,0.9524020345751002,0.8757926110012385,0.9494941530300492
cii,aggregated,value_accuracy,50,0.8131001989926139,0.8333333333333334,0.12250183112859792,0.0,0.9166666666666666,0.8333333333333334,0.8887499999999999,0.9166666666666666,0.7791444237970839,0.8470559741881438
cii,aggregated,global_confidence,50,0.9655999999999999,0.98,0.13946193980101246,0.0,1.0,0.98,0.99,1.0,0.9269431225265153,1.0042568774734846
cii,aggregated,brier_score,50,0.13237222650884556,0.12849424031007753,0.036417399119883904,0.0,0.20483432835820897,0.12849424031007753,0.19307796651694567,0.20204763105819218,0.12227783847947357,0.14246661453821755
cii,aggregated,calibration_error,50,0.13243840731068948,0.12768449612403104,0.03695834104034649,0.0,0.20611940298507447,0.12768449612403104,0.19454307880767674,0.2030658393426127,0.12219407783084413,0.14268273679053484
cii,aggregated,latency_total_ms,50,15640.892840325832,12597.428523004055,17918.04571998617,6676.1371828615665,135068.32639873028,12597.428523004055,23902.159451320767,86331.2806867061,10674.263959714408,20607.521720937257
cii,deterministic,semantic_preservation,50,0.9857959934757016,0.9872611464968153,0.009814491894374406,0.9308510638297872,0.9933110367892977,0.9872611464968153,0.9924206189131562,0.9932093184177142,0.9830755551169158,0.9885164318344873
cii,deterministic,information_loss,50,0.014204006524298525,0.01273885350318471,0.009814491894374408,0.006688963210702337,0.06914893617021278,0.01273885350318471,0.017094017094017144,0.05657030527289541,0.011483568165512806,0.016924444883084245
cii,deterministic,semantic_precision,50,0.9993498636673483,1.0,0.0037266999079046013,0.9744376278118609,1.0,1.0,1.0,1.0,0.9983168751550283,1.0003828521796685
cii,deterministic,semantic_f1,50,0.9925151333636718,0.9935897435897436,0.006709491490987365,0.952145789206255,0.9966442953020134,0.9935897435897436,0.9961958888598554,0.996593088873923,0.9906553572064883,0.9943749095208553
cii,deterministic,value_accuracy,50,0.9971291866028708,1.0,0.01472362216578129,0.9090909090909091,1.0,1.0,1.0,1.0,0.9930480067566662,1.0012103664490752
cii,deterministic,global_confidence,50,1.0,1.0,0.0,1.0,1.0,1.0,1.0,1.0,1.0,1.0
cii,deterministic,brier_score,50,0.020711146930596783,0.018867924528301886,0.011297639165281531,0.009708737864077669,0.078125,0.018867924528301886,0.027777777777777776,0.06340144230769225,0.017579601122650418,0.02384269273854315
cii,deterministic,calibration_error,50,0.02071114693059676,0.018867924528301883,0.011297639165281531,0.009708737864077666,0.078125,0.018867924528301883,0.02777777777777779,0.06340144230769228,0.017579601122650394,0.023842692738543125
cii,deterministic,latency_total_ms,50,19.443224892020226,17.906321212649345,6.34224782427369,9.164378046989441,34.004464745521545,17.906321212649345,29.885051026940342,32.90237139910459,17.68524348577248,21.20120629826797
cii,incremental,semantic_preservation,50,0.8786635677513399,0.8812785388127854,0.02930762360011425,0.817258883248731,0.9121621621621622,0.8812785388127854,0.907930402930403,0.9108693693693694,0.8705399089512033,0.8867872265514766
cii,incremental,information_loss,50,0.12133643224865999,0.1187214611872146,0.029307623600114255,0.08783783783783783,0.18274111675126903,0.1187214611872146,0.16932978348882236,0.18095916357299793,0.11321277344852335,0.12946009104879663
cii,incremental,semantic_precision,50,0.9891538895575153,0.9915838007428595,0.013640017015432961,0.9247311827956989,1.0,0.9915838007428595,1.0,1.0,0.9853730697348871,0.9929347093801434
cii,incremental,semantic_f1,50,0.9303954585173557,0.9314057895140653,0.019060940416114083,0.8884405130527,0.9540636042402826,0.9314057895140653,0.9506726457399104,0.9524020345751002,0.9251120353895371,0.9356788816451743
cii,incremental,value_accuracy,50,0.8294638353562501,0.8333333333333334,0.03523498156337756,0.75,0.9166666666666666,0.8333333333333334,0.8887499999999999,0.9166666666666666,0.8196971967520588,0.8392304739604415
cii,incremental,global_confidence,50,0.9843999999999999,0.98,0.0054059679795498625,0.98,1.0,0.98,0.99,0.9951,0.9829015421260509,0.985898457873949
cii,incremental,brier_score,50,0.13564148266317766,0.13100666666666666,0.03162520389289973,0.09770599999999999,0.2016313432835821,0.13100666666666666,0.19278745197535335,0.20036059266956358,0.12687542338057964,0.14440754194577568
cii,incremental,calibration_error,50,0.13561659117977232,0.1302666666666667,0.032381544060716874,0.09619999999999984,0.20313432835820922,0.1302666666666667,0.1939655672345054,0.2015985074626865,0.12664088509864777,0.14459229726089687
cii,incremental,latency_total_ms,50,84845.37958055735,76055.5616132915,48475.93084585579,31052.806187421083,221686.26914545894,76055.5616132915,165691.31357651195,212647.92159907517,71408.53708578693,98282.22207532777
cii,isolated,semantic_preservation,50,0.506750709888977,0.48250832551973877,0.17749934783731797,0.0,0.8461538461538461,0.48250832551973877,0.8461538461538461,0.8461538461538461,0.4575504008242897,0.5559510189536642
cii,isolated,information_loss,50,0.49324929011102303,0.5174916744802612,0.17749934783731797,0.15384615384615385,1.0,0.5174916744802612,0.7280326814204837,0.877090301003344,0.4440489810463358,0.5424495991757102
cii,isolated,semantic_precision,50,0.9609959048472524,0.9821937321937322,0.1409283072412408,0.0,1.0,0.9821937321937322,1.0,1.0,0.9219325710563747,1.00005923863813
cii,isolated,semantic_f1,50,0.6498068182440683,0.643941683029806,0.16878782005683948,0.0,0.9166666666666666,0.643941683029806,0.9166666666666666,0.9166666666666666,0.603021221483665,0.6965924150044716
cii,isolated,value_accuracy,50,0.39528568813940335,0.3669871794871795,0.1689257475775901,0.0,0.7777777777777778,0.3669871794871795,0.7777777777777778,0.7777777777777778,0.3484618598207879,0.44210951645801877
cii,isolated,global_confidence,50,0.842704428904429,0.8472222222222222,0.12754457097845326,0.0,0.9214285714285715,0.8472222222222222,0.9142857142857144,0.9214285714285715,0.8073508775358108,0.8780579802730472
cii,isolated,brier_score,50,0.4301601559480641,0.46227858349760625,0.16778710346004042,0.0,0.7566401433691755,0.46227858349760625,0.6400196315487665,0.7200823746199424,0.3836519436763847,0.4766683682197435
cii,isolated,calibration_error,50,0.4361117788897795,0.4690445370776656,0.17138580800357922,0.0,0.7776344086021506,0.4690445370776656,0.6457911084701813,0.7375507157200492,0.3886060566107006,0.4836175011688584
cii,isolated,latency_total_ms,50,39099.247303158045,32768.26011762023,22022.965735874695,0.0,113317.3189535737,32768.26011762023,75566.45608246326,102861.41773570325,32994.79264499706,45203.70196131903
source-c,aggregated,semantic_preservation,50,1.0,1.0,0.0,1.0,1.0,1.0,1.0,1.0,1.0,1.0
source-c,aggregated,information_loss,50,0.0,0.0,0.0,0.0,0.0,0.0,0.0,0.0,0.0,0.0
source-c,aggregated,semantic_precision,50,1.0,1.0,0.0,1.0,1.0,1.0,1.0,1.0,1.0,1.0
source-c,aggregated,semantic_f1,50,1.0,1.0,0.0,1.0,1.0,1.0,1.0,1.0,1.0,1.0
source-c,aggregated,value_accuracy,50,1.0,1.0,0.0,1.0,1.0,1.0,1.0,1.0,1.0,1.0
source-c,aggregated,global_confidence,50,0.9906,0.99,0.0054995361585486215,0.98,1.0,0.99,1.0,1.0,0.9890756063500526,0.9921243936499474
source-c,aggregated,brier_score,50,1.5840688762891028e-05,1.600000000000003e-05,1.35559040044322e-05,0.0,7.111111111111126e-05,1.600000000000003e-05,3.292792792792799e-05,6.555402298850585e-05,1.2083183877405058e-05,1.9598193648376998e-05
source-c,aggregated,calibration_error,50,0.001322557019604882,0.0016000000000002679,0.0007996150716353015,0.0,0.003555555555555534,0.0016000000000002679,0.0020686085700531653,0.003277701149425144,0.0011009150297239048,0.0015441990094858592
source-c,aggregated,latency_total_ms,50,14524.493428617716,11964.63373862207,10740.225064962768,6626.082062721252,63099.2964990437,11964.63373862207,26837.039393000305,62747.94113513082,11547.454926454995,17501.53193078044
source-c,deterministic,semantic_preservation,50,1.0,1.0,0.0,1.0,1.0,1.0,1.0,1.0,1.0,1.0
source-c,deterministic,information_loss,50,0.0,0.0,0.0,0.0,0.0,0.0,0.0,0.0,0.0,0.0
source-c,deterministic,semantic_precision,50,1.0,1.0,0.0,1.0,1.0,1.0,1.0,1.0,1.0,1.0
source-c,deterministic,semantic_f1,50,1.0,1.0,0.0,1.0,1.0,1.0,1.0,1.0,1.0,1.0
source-c,deterministic,value_accuracy,50,1.0,1.0,0.0,1.0,1.0,1.0,1.0,1.0,1.0,1.0
source-c,deterministic,global_confidence,50,1.0,1.0,0.0,1.0,1.0,1.0,1.0,1.0,1.0,1.0
source-c,deterministic,brier_score,50,0.0,0.0,0.0,0.0,0.0,0.0,0.0,0.0,0.0,0.0
source-c,deterministic,calibration_error,50,0.0,0.0,0.0,0.0,0.0,0.0,0.0,0.0,0.0,0.0
source-c,deterministic,latency_total_ms,50,19.99018430709839,19.70307156443596,6.220310824991555,7.817309349775314,33.96369889378548,19.70307156443596,30.93550037592649,33.71353071182966,18.26600211264606,21.714366501550717
source-c,incremental,semantic_preservation,50,1.0,1.0,0.0,1.0,1.0,1.0,1.0,1.0,1.0,1.0
source-c,incremental,information_loss,50,0.0,0.0,0.0,0.0,0.0,0.0,0.0,0.0,0.0,0.0
source-c,incremental,semantic_precision,50,1.0,1.0,0.0,1.0,1.0,1.0,1.0,1.0,1.0,1.0
source-c,incremental,semantic_f1,50,1.0,1.0,0.0,1.0,1.0,1.0,1.0,1.0,1.0,1.0
source-c,incremental,value_accuracy,50,1.0,1.0,0.0,1.0,1.0,1.0,1.0,1.0,1.0,1.0
source-c,incremental,global_confidence,50,0.9890000000000001,0.99,0.00543983793275994,0.98,1.0,0.99,1.0,1.0,0.9874921538540025,0.9905078461459977
source-c,incremental,brier_score,50,1.9191523172528265e-05,1.679487179487183e-05,1.331220292745023e-05,0.0,6.046511627906989e-05,1.679487179487183e-05,5.1352459016393524e-05,5.7323695788812166e-05,1.5501568779215932e-05,2.28814775658406e-05
source-c,incremental,calibration_error,50,0.001507111067463236,0.001621621621621827,0.0006566839840085896,0.0,0.0030232558139532406,0.001621621621621827,0.0025676229508197032,0.002866184789440572,0.0013250875537731198,0.0016891345811533521
source-c,incremental,latency_total_ms,50,88942.12988555431,74868.02066117525,53913.259796074075,30703.505367040634,243228.1019166112,74868.02066117525,174986.78446318954,228590.4675361141,73998.1366992653,103886.12307184332
source-c,isolated,semantic_preservation,50,0.6146115234798777,0.5867188844895851,0.1786937751795573,0.372,0.9401709401709402,0.5867188844895851,0.9401709401709402,0.9401709401709402,0.5650801360472443,0.6641429109125111
source-c,isolated,information_loss,50,0.38538847652012237,0.4132811155104149,0.1786937751795573,0.05982905982905984,0.628,0.4132811155104149,0.6137799227799228,0.6250960535117057,0.33585708908748896,0.4349198639527558
source-c,isolated,semantic_precision,50,0.9905051334072253,1.0,0.010230037453357974,0.9690476190476192,1.0,1.0,1.0,1.0,0.9876695116960411,0.9933407551184096
source-c,isolated,semantic_f1,50,0.7447244696177557,0.7365046252820929,0.13444715397733253,0.5391169344994021,0.9691629955947136,0.7365046252820929,0.9691629955947136,0.9691629955947136,0.707457619856623,0.7819913193788884
source-c,isolated,value_accuracy,50,0.5813328831471246,0.5341880341880342,0.18448330536334095,0.3333333333333333,0.9444444444444444,0.5341880341880342,0.9444444444444444,0.9444444444444444,0.5301967198217789,0.6324690464724704
source-c,isolated,global_confidence,50,0.8687926374279314,0.8781746031746032,0.03040136381653828,0.8033333333333332,0.9214285714285715,0.8781746031746032,0.9142857142857144,0.9214285714285715,0.86036580930723,0.877219465548633
source-c,isolated,brier_score,50,0.3869139540835544,0.4364516102837532,0.17476145535214138,0.044714561500275786,0.6631182205578512,0.4364516102837532,0.6152295335772144,0.6442012155614272,0.3384725500970989,0.43535535807000986
source-c,isolated,calibration_error,50,0.3873503942914824,0.43785897435897436,0.17464892009278105,0.0465250965250964,0.6644176136363636,0.43785897435897436,0.616624379409459,0.6460991368006993,0.3389401834874733,0.43576060509549147
source-c,isolated,latency_total_ms,50,34933.31021390855,31910.997269675136,16054.199333999815,19356.59383237362,102281.72063454986,31910.997269675136,58786.40322983264,88656.77596617484,30483.31319339656,39383.30723442055
ubl,aggregated,semantic_preservation,50,0.8833694076339058,0.8846392694063927,0.027188081301487626,0.8246268656716418,0.919047619047619,0.8846392694063927,0.9143835874981127,0.919047619047619,0.8758332559848584,0.8909055592829532
ubl,aggregated,information_loss,50,0.11663059236609412,0.1153607305936073,0.027188081301487622,0.080952380952381,0.17537313432835822,0.1153607305936073,0.1631600950536877,0.17400882642624438,0.10909444071704676,0.12416674401514148
ubl,aggregated,semantic_precision,50,0.994015831239626,1.0,0.011947529803496523,0.9354838709677419,1.0,1.0,1.0,1.0,0.9907041449373736,0.9973275175418784
ubl,aggregated,semantic_f1,50,0.9351876718568468,0.9376110365141654,0.01651024724570887,0.8989051588195539,0.9578163771712159,0.9376110365141654,0.9552761437740164,0.9578163771712159,0.9306112648045359,0.9397640789091577
ubl,aggregated,value_accuracy,50,0.8294638353562501,0.8333333333333334,0.03523498156337756,0.75,0.9166666666666666,0.8333333333333334,0.8887499999999999,0.9166666666666666,0.8196971967520588,0.8392304739604415
ubl,aggregated,global_confidence,50,0.9904,0.99,0.005699982098074292,0.98,1.0,0.99,1.0,1.0,0.9888200455702774,0.9919799544297225
ubl,aggregated,brier_score,50,0.1306209486694014,0.12913403875968993,0.029223361425534312,0.09640138888888888,0.19136417910447762,0.12913403875968993,0.18837997368795334,0.19117993564435887,0.12252064615244163,0.1387212511863612
ubl,aggregated,calibration_error,50,0.1308250716361956,0.12906434108527104,0.02929357153046882,0.09597222222222213,0.19194029850746253,0.12906434108527104,0.18865602332527354,0.19172718664740793,0.12270530787104347,0.13894483540134775
ubl,aggregated,latency_total_ms,50,15084.050517901778,12368.78059990704,10465.630766156914,6756.0680620372295,76667.1834141016,12368.78059990704,32100.655037909735,56414.37303435049,12183.125672117285,17984.975363686273
ubl,deterministic,semantic_preservation,50,0.9980940012808653,1.0,0.009684097695253713,0.9414893617021277,1.0,1.0,1.0,1.0,0.9954097063500704,1.0007782962116603
ubl,deterministic,information_loss,50,0.0019059987191347029,0.0,0.009684097695253713,0.0,0.058510638297872286,0.0,0.0,0.04786718138475762,-0.0007782962116601683,0.004590293649929574
ubl,deterministic,semantic_precision,50,0.9993498636673483,1.0,0.0037266999079046013,0.9744376278118609,1.0,1.0,1.0,1.0,0.9983168751550283,1.0003828521796685
ubl,deterministic,semantic_f1,50,0.9987117132095773,1.0,0.006694729074224087,0.9576801884917819,1.0,1.0,1.0,1.0,0.9968560289855538,1.000567397433601
ubl,deterministic,value_accuracy,50,0.9971291866028708,1.0,0.01472362216578129,0.9090909090909091,1.0,1.0,1.0,1.0,0.9930480067566662,1.0012103664490752
ubl,deterministic,global_confidence,50,1.0,1.0,0.0,1.0,1.0,1.0,1.0,1.0,1.0,1.0
ubl,deterministic,brier_score,50,0.0020192307692307693,0.0,0.010283407772993991,0.0,0.0625,0.0,0.0,0.0507211538461538,-0.000831184439805508,0.004869645978267046
ubl,deterministic,calibration_error,50,0.002019230769230769,0.0,0.01028340777299399,0.0,0.0625,0.0,0.0,0.050721153846153784,-0.000831184439805508,0.004869645978267046
ubl,deterministic,latency_total_ms,50,19.62986133992672,19.102323800325394,5.2971010948675525,7.905114442110062,29.327616095542908,19.102323800325394,27.78861951082944,29.206072352826595,18.1615798268406,21.09814285301284
ubl,incremental,semantic_preservation,50,0.8834440344995775,0.8846392694063927,0.027028202867987697,0.8274111675126904,0.919047619047619,0.8846392694063927,0.9143835874981127,0.919047619047619,0.8759521988913316,0.8909358701078235
ubl,incremental,information_loss,50,0.11655596550042248,0.1153607305936073,0.0270282028679877,0.080952380952381,0.1725888324873096,0.1153607305936073,0.1631600950536877,0.17212478218046823,0.10906412989217648,0.12404780110866848
ubl,incremental,semantic_precision,50,0.9932416376912389,1.0,0.013922562027078924,0.9354838709677419,1.0,1.0,1.0,1.0,0.9893825003870704,0.9971007749954073
ubl,incremental,semantic_f1,50,0.9348871886191827,0.9376110365141654,0.017003832729180584,0.8989051588195539,0.9578163771712159,0.9376110365141654,0.9552761437740164,0.9578163771712159,0.9301739666510284,0.9396004105873371
ubl,incremental,value_accuracy,50,0.8294638353562501,0.8333333333333334,0.03523498156337756,0.75,0.9166666666666666,0.8333333333333334,0.8887499999999999,0.9166666666666666,0.8196971967520588,0.8392304739604415
ubl,incremental,global_confidence,50,0.9866000000000001,0.99,0.006580738746446304,0.98,1.0,0.99,1.0,1.0,0.984775912282811,0.9884240877171893
ubl,incremental,brier_score,50,0.1297649558161224,0.12768703875968992,0.028593289330263096,0.09640138888888888,0.19136417910447762,0.12768703875968992,0.18405274200518582,0.1895265541280937,0.12183930037363408,0.13769061125861073
ubl,incremental,calibration_error,50,0.1299757814414944,0.12750852713178318,0.02868209658690705,0.09597222222222213,0.19194029850746253,0.12750852713178318,0.18442480553154716,0.18999714717551452,0.1220255098833566,0.1379260529996322
ubl,incremental,latency_total_ms,50,87168.67779940367,73760.81926934421,54248.41888211187,30105.560068041086,241637.6960761845,73760.81926934421,199023.0228200554,229209.79398492718,72131.78325420932,102205.57234459801
ubl,isolated,semantic_preservation,50,0.5731203821981916,0.526595744680851,0.20273673746250212,0.25752508361204013,0.8461538461538461,0.526595744680851,0.8461538461538461,0.8461538461538461,0.5169246256308858,0.6293161387654974
ubl,isolated,information_loss,50,0.42687961780180833,0.473404255319149,0.20273673746250212,0.15384615384615385,0.7424749163879598,0.473404255319149,0.7104247104247104,0.7315353416862177,0.3706838612345025,0.4830753743691142
ubl,isolated,semantic_precision,50,0.9816555966888657,0.9829059829059829,0.02148702477484387,0.8803418803418803,1.0,0.9829059829059829,1.0,1.0,0.9756996972859461,0.9876114960917853
ubl,isolated,semantic_f1,50,0.7037133789857397,0.6868084525766535,0.16641113560772727,0.40704845814977975,0.9166666666666666,0.6868084525766535,0.9166666666666666,0.9166666666666666,0.6575865655440939,0.7498401924273855
ubl,isolated,value_accuracy,50,0.48161001196372716,0.42424242424242425,0.21426856693084995,0.15789473684210525,0.7777777777777778,0.42424242424242425,0.7777777777777778,0.7777777777777778,0.42221779534833154,0.5410022285791228
ubl,isolated,global_confidence,50,0.8686970872264989,0.867948717948718,0.034344637879462216,0.7966666666666666,0.9357142857142857,0.867948717948718,0.9253571428571429,0.9357142857142857,0.859177239300449,0.8782169351525487
ubl,isolated,brier_score,50,0.39078062171747674,0.43250803371833085,0.1921131029873083,0.09297297297297297,0.692380041939065,0.43250803371833085,0.6674529454939566,0.6852939118866607,0.33752958638964753,0.44403165704530595
ubl,isolated,calibration_error,50,0.39839423181423067,0.4407891672876304,0.1948407905536538,0.0972972972972972,0.7075983717774763,0.4407891672876304,0.6800856072766185,0.7019905542218975,0.344387120067354,0.45240134356110734
ubl,isolated,latency_total_ms,50,36053.66635739803,33081.321308389306,15792.05749008951,19374.289646744728,84794.90119218826,33081.321308389306,68900.31550917772,79570.40002789347,31676.331348867032,40431.001365929034
