Standard,Mode,Mean Latency (ms),Median,P95,P99
cii,aggregated,15640.89,12597.43,23902.16,86331.28
cii,deterministic,19.44,17.91,29.89,32.9
cii,incremental,84845.38,76055.56,165691.31,212647.92
cii,isolated,39099.25,32768.26,75566.46,102861.42
source-c,aggregated,14524.49,11964.63,26837.04,62747.94
source-c,deterministic,19.99,19.7,30.94,33.71
source-c,incremental,88942.13,74868.02,174986.78,228590.47
source-c,isolated,34933.31,31911.0,58786.4,88656.78
ubl,aggregated,15084.05,12368.78,32100.66,56414.37
ubl,deterministic,19.63,19.1,27.79,29.21
ubl,incremental,87168.68,73760.82,199023.02,229209.79
ubl,isolated,36053.67,33081.32,68900.32,79570.4
